url,title,source_type,use_count,used_by_reason_ids
https://www.epfindia.gov.in/site_docs/PDFs/MiscPDFs/FAQ_OCS_050517_1017.pdf,EPFO Online Claim Settlement FAQ (OCS),official,68,epfo-rr-001 | epfo-rr-002 | epfo-rr-005 | epfo-rr-006 | epfo-rr-007 | epfo-rr-008 | epfo-rr-009 | epfo-rr-010 | epfo-rr-011 | epfo-rr-014 | epfo-rr-015 | epfo-rr-016 | epfo-rr-017 | epfo-rr-018 | epfo-rr-019 | epfo-rr-020 | epfo-rr-022 | epfo-rr-024 | epfo-rr-025 | epfo-rr-033 | epfo-rr-034 | epfo-rr-035 | epfo-rr-036 | epfo-rr-037 | epfo-rr-039 | epfo-rr-044 | epfo-rr-046 | epfo-rr-051 | epfo-rr-053 | epfo-rr-054 | epfo-rr-055 | epfo-rr-078 | epfo-rr-082 | epfo-rr-087 | epfo-rr-088 | epfo-rr-096 | epfo-rr-098 | epfo-rr-100 | epfo-rr-103 | epfo-rr-104 | epfo-rr-113 | epfo-rr-116 | epfo-rr-117 | epfo-rr-119 | epfo-rr-120 | epfo-rr-122 | epfo-rr-124 | epfo-rr-125 | epfo-rr-130 | epfo-rr-143 | epfo-rr-149 | epfo-rr-152 | epfo-rr-153 | epfo-rr-154 | epfo-rr-156 | epfo-rr-157 | epfo-rr-158 | epfo-rr-159 | epfo-rr-160 | epfo-rr-161 | epfo-rr-162 | epfo-rr-164 | epfo-rr-171 | epfo-rr-174 | epfo-rr-176 | epfo-rr-177 | epfo-rr-178 | epfo-rr-180
https://unifiedportal-mem.epfindia.gov.in/memberinterface/,EPFO Unified Member Portal,official,37,epfo-rr-001 | epfo-rr-005 | epfo-rr-006 | epfo-rr-007 | epfo-rr-008 | epfo-rr-009 | epfo-rr-015 | epfo-rr-051 | epfo-rr-054 | epfo-rr-055 | epfo-rr-056 | epfo-rr-089 | epfo-rr-106 | epfo-rr-113 | epfo-rr-117 | epfo-rr-120 | epfo-rr-122 | epfo-rr-124 | epfo-rr-130 | epfo-rr-142 | epfo-rr-143 | epfo-rr-145 | epfo-rr-146 | epfo-rr-148 | epfo-rr-149 | epfo-rr-153 | epfo-rr-154 | epfo-rr-156 | epfo-rr-157 | epfo-rr-158 | epfo-rr-159 | epfo-rr-162 | epfo-rr-174 | epfo-rr-175 | epfo-rr-176 | epfo-rr-177 | epfo-rr-180
https://www.epfindia.gov.in/site_en/WhichClaimForm.php?id=in_sm,EPFO Which Claim Form (19/20/10C/10D/5IF matrix),official,37,epfo-rr-023 | epfo-rr-031 | epfo-rr-035 | epfo-rr-036 | epfo-rr-037 | epfo-rr-038 | epfo-rr-043 | epfo-rr-048 | epfo-rr-049 | epfo-rr-060 | epfo-rr-061 | epfo-rr-064 | epfo-rr-065 | epfo-rr-067 | epfo-rr-080 | epfo-rr-081 | epfo-rr-093 | epfo-rr-103 | epfo-rr-104 | epfo-rr-107 | epfo-rr-108 | epfo-rr-109 | epfo-rr-110 | epfo-rr-111 | epfo-rr-116 | epfo-rr-118 | epfo-rr-119 | epfo-rr-132 | epfo-rr-134 | epfo-rr-136 | epfo-rr-138 | epfo-rr-140 | epfo-rr-141 | epfo-rr-155 | epfo-rr-172 | epfo-rr-178 | epfo-rr-180
https://cleartax.in/c/pf-withdrawal-online,ClearTax PF withdrawal online 2026,blog,34,epfo-rr-001 | epfo-rr-005 | epfo-rr-006 | epfo-rr-007 | epfo-rr-012 | epfo-rr-015 | epfo-rr-017 | epfo-rr-018 | epfo-rr-019 | epfo-rr-021 | epfo-rr-022 | epfo-rr-024 | epfo-rr-026 | epfo-rr-033 | epfo-rr-034 | epfo-rr-035 | epfo-rr-036 | epfo-rr-039 | epfo-rr-040 | epfo-rr-043 | epfo-rr-044 | epfo-rr-046 | epfo-rr-049 | epfo-rr-052 | epfo-rr-053 | epfo-rr-054 | epfo-rr-055 | epfo-rr-069 | epfo-rr-073 | epfo-rr-078 | epfo-rr-104 | epfo-rr-154 | epfo-rr-156 | epfo-rr-178
https://finright.in/blogs/most-common-reasons-for-epf-claim-rejections-and-tips-to-avoid-them,FinRight: 9 common EPF rejection reasons,blog,26,epfo-rr-002 | epfo-rr-010 | epfo-rr-011 | epfo-rr-012 | epfo-rr-014 | epfo-rr-016 | epfo-rr-017 | epfo-rr-018 | epfo-rr-019 | epfo-rr-020 | epfo-rr-024 | epfo-rr-029 | epfo-rr-031 | epfo-rr-043 | epfo-rr-044 | epfo-rr-046 | epfo-rr-057 | epfo-rr-069 | epfo-rr-073 | epfo-rr-126 | epfo-rr-157 | epfo-rr-158 | epfo-rr-162 | epfo-rr-164 | epfo-rr-174 | epfo-rr-178
https://pfbalancecheck.com/epfo-claim-rejected-reason/,PFBalanceCheck: claim rejected reason 2026,blog,26,epfo-rr-004 | epfo-rr-009 | epfo-rr-010 | epfo-rr-017 | epfo-rr-018 | epfo-rr-034 | epfo-rr-039 | epfo-rr-043 | epfo-rr-051 | epfo-rr-052 | epfo-rr-057 | epfo-rr-090 | epfo-rr-096 | epfo-rr-097 | epfo-rr-098 | epfo-rr-104 | epfo-rr-113 | epfo-rr-114 | epfo-rr-115 | epfo-rr-120 | epfo-rr-122 | epfo-rr-126 | epfo-rr-130 | epfo-rr-164 | epfo-rr-174 | epfo-rr-176
https://cleartax.in/s/epf-form-31,ClearTax: EPF Form 31 eligibility and documents,blog,24,epfo-rr-082 | epfo-rr-083 | epfo-rr-084 | epfo-rr-085 | epfo-rr-086 | epfo-rr-087 | epfo-rr-088 | epfo-rr-089 | epfo-rr-090 | epfo-rr-091 | epfo-rr-092 | epfo-rr-093 | epfo-rr-094 | epfo-rr-095 | epfo-rr-097 | epfo-rr-100 | epfo-rr-120 | epfo-rr-121 | epfo-rr-124 | epfo-rr-125 | epfo-rr-129 | epfo-rr-131 | epfo-rr-171 | epfo-rr-179
https://www.livemint.com/money/personal-finance/epfo-top-reasons-your-employees-provident-fund-settlement-claims-rejected-explained-epf-scheme-document-errors-mismatch-11783073513956.html,Mint: top reasons EPF claims are rejected (3 Jul 2026) incl. Scheme 2026,news,24,epfo-rr-001 | epfo-rr-003 | epfo-rr-012 | epfo-rr-015 | epfo-rr-016 | epfo-rr-018 | epfo-rr-020 | epfo-rr-021 | epfo-rr-024 | epfo-rr-033 | epfo-rr-036 | epfo-rr-040 | epfo-rr-088 | epfo-rr-089 | epfo-rr-090 | epfo-rr-106 | epfo-rr-115 | epfo-rr-120 | epfo-rr-121 | epfo-rr-125 | epfo-rr-157 | epfo-rr-158 | epfo-rr-159 | epfo-rr-177
https://www.epfindia.gov.in/site_docs/PDFs/Circulars/Y2023-2024/SOP_WSU_new.pdf,SOP Joint Declaration JD/2022/1 (WSU PDF),circular,21,epfo-rr-001 | epfo-rr-002 | epfo-rr-003 | epfo-rr-004 | epfo-rr-011 | epfo-rr-012 | epfo-rr-013 | epfo-rr-024 | epfo-rr-025 | epfo-rr-028 | epfo-rr-030 | epfo-rr-058 | epfo-rr-066 | epfo-rr-071 | epfo-rr-075 | epfo-rr-145 | epfo-rr-153 | epfo-rr-161 | epfo-rr-169 | epfo-rr-170 | epfo-rr-173
https://www.epfindia.gov.in/site_docs/PDFs/Downloads_PDFs/Form5IF_Instructions_Eng.pdf,Form 5IF instructions (EDLI death claim),official,21,epfo-rr-017 | epfo-rr-026 | epfo-rr-030 | epfo-rr-031 | epfo-rr-047 | epfo-rr-048 | epfo-rr-050 | epfo-rr-060 | epfo-rr-061 | epfo-rr-062 | epfo-rr-063 | epfo-rr-065 | epfo-rr-066 | epfo-rr-067 | epfo-rr-080 | epfo-rr-137 | epfo-rr-138 | epfo-rr-139 | epfo-rr-140 | epfo-rr-141 | epfo-rr-166
https://www.financialexpress.com/money/epfo-pension-rules-settlement-in-20-days-but-heres-why-many-eps-claims-still-get-rejected-4168274/,Financial Express: why EPS claims get rejected,news,20,epfo-rr-002 | epfo-rr-023 | epfo-rr-029 | epfo-rr-037 | epfo-rr-038 | epfo-rr-042 | epfo-rr-047 | epfo-rr-048 | epfo-rr-062 | epfo-rr-064 | epfo-rr-081 | epfo-rr-101 | epfo-rr-102 | epfo-rr-108 | epfo-rr-110 | epfo-rr-118 | epfo-rr-119 | epfo-rr-128 | epfo-rr-132 | epfo-rr-133
https://kustodian.life/resources/epf-form-10d-the-2026-guide-to-claiming-your-monthly-pension,Kustodian: Form 10D 2026 guide,blog,19,epfo-rr-019 | epfo-rr-023 | epfo-rr-036 | epfo-rr-037 | epfo-rr-038 | epfo-rr-042 | epfo-rr-064 | epfo-rr-081 | epfo-rr-108 | epfo-rr-109 | epfo-rr-110 | epfo-rr-111 | epfo-rr-112 | epfo-rr-118 | epfo-rr-119 | epfo-rr-132 | epfo-rr-133 | epfo-rr-134 | epfo-rr-135
https://epfindia.gov.in/site_docs/PDFs/OTCP_PDFs/MembersFAQ.pdf,"EPFO OTCP Members FAQ (employer rejection reasons, 15-day printout)",official,18,epfo-rr-026 | epfo-rr-027 | epfo-rr-032 | epfo-rr-050 | epfo-rr-052 | epfo-rr-058 | epfo-rr-068 | epfo-rr-071 | epfo-rr-072 | epfo-rr-147 | epfo-rr-148 | epfo-rr-149 | epfo-rr-150 | epfo-rr-160 | epfo-rr-164 | epfo-rr-170 | epfo-rr-173 | epfo-rr-175
https://epfigms.gov.in/,EPFiGMS grievance portal,official,16,epfo-rr-013 | epfo-rr-022 | epfo-rr-029 | epfo-rr-072 | epfo-rr-079 | epfo-rr-097 | epfo-rr-101 | epfo-rr-107 | epfo-rr-114 | epfo-rr-128 | epfo-rr-135 | epfo-rr-144 | epfo-rr-146 | epfo-rr-148 | epfo-rr-150 | epfo-rr-165
https://kustodian.life/resources/epf-form-13-pf-transfer-online-offline-how-to-fill-pdf-status,Kustodian: Form 13 guide,blog,14,epfo-rr-027 | epfo-rr-031 | epfo-rr-068 | epfo-rr-069 | epfo-rr-072 | epfo-rr-073 | epfo-rr-116 | epfo-rr-127 | epfo-rr-142 | epfo-rr-143 | epfo-rr-144 | epfo-rr-145 | epfo-rr-146 | epfo-rr-160
https://www.outlookmoney.com/retirement/pension/epf-claim-settlement-why-epfo-rejects-the-claims-and-what-subscribers-can-do,Outlook Money: why EPFO rejects claims (MoS reply),news,14,epfo-rr-001 | epfo-rr-029 | epfo-rr-042 | epfo-rr-043 | epfo-rr-047 | epfo-rr-048 | epfo-rr-056 | epfo-rr-060 | epfo-rr-062 | epfo-rr-063 | epfo-rr-064 | epfo-rr-079 | epfo-rr-109 | epfo-rr-165
https://www.epfindia.gov.in/site_docs/PDFs/Circulars/Y2016-2017/Composite_Claim_Forms_31792.pdf,Composite Claim Forms introduction circular 2016-17,circular,13,epfo-rr-026 | epfo-rr-049 | epfo-rr-082 | epfo-rr-083 | epfo-rr-084 | epfo-rr-085 | epfo-rr-086 | epfo-rr-092 | epfo-rr-129 | epfo-rr-131 | epfo-rr-170 | epfo-rr-173 | epfo-rr-179
https://epfindia.gov.in/site_docs/PDFs/Downloads_PDFs/Form19_instructions_Eng.pdf,Form 19 instructions (EPF Scheme),official,12,epfo-rr-024 | epfo-rr-026 | epfo-rr-030 | epfo-rr-033 | epfo-rr-034 | epfo-rr-047 | epfo-rr-048 | epfo-rr-050 | epfo-rr-080 | epfo-rr-170 | epfo-rr-171 | epfo-rr-173
https://kustodian.life/resources/epf-death-claim-process-india,Kustodian: death claim process,blog,10,epfo-rr-056 | epfo-rr-060 | epfo-rr-062 | epfo-rr-063 | epfo-rr-107 | epfo-rr-136 | epfo-rr-140 | epfo-rr-166 | epfo-rr-172 | epfo-rr-180
https://taxguru.in/corporate-law/epfo-joint-declaration-process-member-profile-updation.html,TaxGuru: Joint Declaration SOP 22 Aug 2023,news,10,epfo-rr-001 | epfo-rr-002 | epfo-rr-003 | epfo-rr-004 | epfo-rr-012 | epfo-rr-013 | epfo-rr-025 | epfo-rr-030 | epfo-rr-066 | epfo-rr-161
https://www.axismaxlife.com/blog/retirement-planning/epf-withdrawal-form-31,Axis Max Life: EPF Form 31 eligibility,blog,10,epfo-rr-082 | epfo-rr-083 | epfo-rr-084 | epfo-rr-085 | epfo-rr-086 | epfo-rr-087 | epfo-rr-093 | epfo-rr-094 | epfo-rr-095 | epfo-rr-131
https://www.epfindia.gov.in/site_docs/PDFs/Circulars/Y2025-2026/Circular_RemovalOfUploadingImage.pdf,Circular removing cancelled-cheque image upload where NPCI verified,circular,10,epfo-rr-016 | epfo-rr-021 | epfo-rr-105 | epfo-rr-106 | epfo-rr-115 | epfo-rr-156 | epfo-rr-157 | epfo-rr-158 | epfo-rr-159 | epfo-rr-177
https://www.epfindia.gov.in/site_docs/PDFs/Downloads_PDFs/Form10D.pdf,Form 10D PDF,official,10,epfo-rr-081 | epfo-rr-108 | epfo-rr-109 | epfo-rr-111 | epfo-rr-118 | epfo-rr-132 | epfo-rr-133 | epfo-rr-134 | epfo-rr-135 | epfo-rr-136
https://www.epfindia.gov.in/site_docs/PDFs/MiscPDFs/OCS_FAQ_Eligibility_102017.pdf,EPFO OCS FAQ eligibility (Oct 2017),official,10,epfo-rr-005 | epfo-rr-006 | epfo-rr-008 | epfo-rr-015 | epfo-rr-024 | epfo-rr-035 | epfo-rr-110 | epfo-rr-111 | epfo-rr-178 | epfo-rr-179
https://www.etnownews.com/personal-finance/epfo-pension-rules-why-eps-claims-get-rejected-govt-reveals-basis-errors-kyc-aadhaar-and-more-article-153801634,ET Now: EPS claim rejection reasons,news,10,epfo-rr-002 | epfo-rr-023 | epfo-rr-029 | epfo-rr-042 | epfo-rr-047 | epfo-rr-064 | epfo-rr-101 | epfo-rr-102 | epfo-rr-108 | epfo-rr-109
https://knowmoney.in/blog/epfo-3-withdrawal-rules-india-2026,KnowMoney: EPFO 3.0 withdrawal rules 2026,blog,9,epfo-rr-082 | epfo-rr-085 | epfo-rr-086 | epfo-rr-088 | epfo-rr-090 | epfo-rr-091 | epfo-rr-092 | epfo-rr-121 | epfo-rr-179
https://labourlawadvisor.in/blog/wp-content/uploads/2019/08/PF-Advance-Rules.pdf,Labour Law Advisor: Form 31 advance rules PDF,blog,9,epfo-rr-083 | epfo-rr-084 | epfo-rr-086 | epfo-rr-087 | epfo-rr-091 | epfo-rr-094 | epfo-rr-129 | epfo-rr-131 | epfo-rr-179
https://www.citizennest.com/guide/epf-transfer-claim-rejected-fix,CitizenNest: Form 13 transfer rejected,blog,9,epfo-rr-027 | epfo-rr-068 | epfo-rr-116 | epfo-rr-117 | epfo-rr-127 | epfo-rr-142 | epfo-rr-144 | epfo-rr-146 | epfo-rr-160
https://www.epfindia.gov.in/site_docs/PDFs/Downloads_PDFs/Instructions_CCF_aadhar.pdf,Composite Claim Form (Aadhaar) instructions,official,9,epfo-rr-005 | epfo-rr-007 | epfo-rr-015 | epfo-rr-026 | epfo-rr-049 | epfo-rr-170 | epfo-rr-171 | epfo-rr-173 | epfo-rr-177
https://www.in.kpmg.com/taxflashnews/KPMG-Flash-News-EPFO-Update-Simplifying-process-of-PF-withdrawal-for-International-Workers.pdf,KPMG: simplifying PF withdrawal for International Workers,blog,9,epfo-rr-074 | epfo-rr-075 | epfo-rr-123 | epfo-rr-155 | epfo-rr-167 | epfo-rr-168 | epfo-rr-169 | epfo-rr-171 | epfo-rr-172
https://kustodian.life/resources/provident-fund/form-5if-guide,Kustodian: Form 5IF guide,blog,8,epfo-rr-050 | epfo-rr-061 | epfo-rr-065 | epfo-rr-116 | epfo-rr-137 | epfo-rr-139 | epfo-rr-140 | epfo-rr-141
https://web.umang.gov.in,UMANG,official,8,epfo-rr-055 | epfo-rr-124 | epfo-rr-130 | epfo-rr-151 | epfo-rr-152 | epfo-rr-174 | epfo-rr-176 | epfo-rr-181
https://www.epfindia.gov.in,EPFO official website,official,8,epfo-rr-080 | epfo-rr-099 | epfo-rr-103 | epfo-rr-112 | epfo-rr-117 | epfo-rr-147 | epfo-rr-148 | epfo-rr-150
https://www.indiafilings.com/learn/epf-form-31,IndiaFilings: EPF Form 31,blog,8,epfo-rr-083 | epfo-rr-087 | epfo-rr-091 | epfo-rr-092 | epfo-rr-093 | epfo-rr-094 | epfo-rr-095 | epfo-rr-129
https://righttoinformation.wiki/epf-death-claim-without-nominee-legal-heir-india,RTI Wiki: death claim without nominee,blog,7,epfo-rr-061 | epfo-rr-063 | epfo-rr-134 | epfo-rr-135 | epfo-rr-136 | epfo-rr-166 | epfo-rr-172
https://taxguru.in/corporate-law/standard-operating-procedure-sop-settlement-claims-epfo.html,TaxGuru: SOP settlement of claims,blog,7,epfo-rr-058 | epfo-rr-059 | epfo-rr-114 | epfo-rr-148 | epfo-rr-150 | epfo-rr-163 | epfo-rr-165
https://www.epfindia.gov.in/site_en/International_workers.php,EPFO International Workers page,official,7,epfo-rr-074 | epfo-rr-075 | epfo-rr-105 | epfo-rr-123 | epfo-rr-167 | epfo-rr-168 | epfo-rr-169
https://www.livemint.com/money/personal-finance/changing-jobs-soon-fix-these-epf-transfer-errors-before-resigning-for-a-smooth-pf-transfer-11782808524771.html,Mint: EPF transfer errors before resigning,news,7,epfo-rr-068 | epfo-rr-069 | epfo-rr-071 | epfo-rr-127 | epfo-rr-142 | epfo-rr-143 | epfo-rr-147
https://www.livemint.com/money/personal-finance/epfo-showing-wrong-service-history-what-employees-should-check-immediately-and-do-next-to-rectify-the-error-11786520369893.html,Mint: wrong service history,news,7,epfo-rr-025 | epfo-rr-042 | epfo-rr-051 | epfo-rr-077 | epfo-rr-122 | epfo-rr-145 | epfo-rr-149
https://www.reddit.com/r/epfoindia/comments/1m6co8r/why_so_many_epf_claims_are_being_rejected_and/,Reddit r/epfoindia: EPS contribution not available,forum,7,epfo-rr-029 | epfo-rr-035 | epfo-rr-037 | epfo-rr-042 | epfo-rr-044 | epfo-rr-102 | epfo-rr-104
https://kustodian.life/resources/epf-claim-rejected-reasons-guide,Kustodian: EPF claim rejected reasons,blog,6,epfo-rr-016 | epfo-rr-041 | epfo-rr-059 | epfo-rr-113 | epfo-rr-126 | epfo-rr-130
https://taxguru.in/corporate-law/epfo-clarifies-physical-claim-settlement-seeding-aadhaar.html,TaxGuru: physical claims without Aadhaar 29 Nov 2024,news,6,epfo-rr-005 | epfo-rr-074 | epfo-rr-123 | epfo-rr-152 | epfo-rr-155 | epfo-rr-163
https://www.bajajfinserv.in/investments/epf-or-pf-withdrawal-rules,Bajaj Finserv: EPF withdrawal rules,blog,6,epfo-rr-033 | epfo-rr-078 | epfo-rr-095 | epfo-rr-100 | epfo-rr-122 | epfo-rr-125
https://www.epfindia.gov.in/site_docs/PDFs/Circulars/Y2024-2025/Circular_SOP_WSU_02082024.pdf,SOP inoperative/transaction-less accounts WSU 02.08.2024,circular,6,epfo-rr-030 | epfo-rr-045 | epfo-rr-059 | epfo-rr-076 | epfo-rr-163 | epfo-rr-165
https://www.epfindia.gov.in/site_en/OTCP_ForEmployers.php,EPFO OTCP for employers,official,6,epfo-rr-027 | epfo-rr-028 | epfo-rr-032 | epfo-rr-068 | epfo-rr-147 | epfo-rr-175
https://www.staffnews.in/2025/06/simplification-of-transfer-claim-process.html,StaffNews: full text overlap circular 20 May 2025,news,6,epfo-rr-041 | epfo-rr-046 | epfo-rr-070 | epfo-rr-071 | epfo-rr-072 | epfo-rr-077
https://zerodha.com/z-connect/varsity/epfo-claim-rejections-what-is-service-overlap-and-how-to-merge-pf-accounts,Zerodha Z-Connect: service overlap and merge,blog,6,epfo-rr-011 | epfo-rr-041 | epfo-rr-046 | epfo-rr-077 | epfo-rr-127 | epfo-rr-162
https://cleartax.in/s/edli,ClearTax EDLI scheme explainer,blog,5,epfo-rr-067 | epfo-rr-137 | epfo-rr-138 | epfo-rr-139 | epfo-rr-141
https://economictimes.indiatimes.com/wealth/invest/epf-members-can-do-kyc-correction-in-provident-fund-account-online-here-is-a-step-by-step-guide-to-do-it/articleshow/108634621.cms,Economic Times: online Joint Declaration steps,news,5,epfo-rr-001 | epfo-rr-003 | epfo-rr-013 | epfo-rr-014 | epfo-rr-161
https://hrsoftwaredelhi.com/pf-withdrawal-process/,HR Software Delhi: PF withdrawal process / rejections,blog,5,epfo-rr-007 | epfo-rr-010 | epfo-rr-019 | epfo-rr-020 | epfo-rr-024
https://taxguru.in/corporate-law/epfos-pf-withdrawal-rules-claims-rejected.html,TaxGuru: EPFO PF withdrawal rules / why claims rejected (2026),news,5,epfo-rr-082 | epfo-rr-085 | epfo-rr-086 | epfo-rr-096 | epfo-rr-121
https://www.business-standard.com/finance/personal-finance/epfo-issues-new-rules-for-inoperative-inactive-accounts-to-combat-fraud-124080600360_1.html,Business Standard: inoperative accounts fraud rules,news,5,epfo-rr-045 | epfo-rr-076 | epfo-rr-150 | epfo-rr-163 | epfo-rr-165
https://www.epfindia.gov.in/site_docs/PDFs/Downloads_PDFs/Form20.pdf,Form 20 PDF,official,5,epfo-rr-107 | epfo-rr-140 | epfo-rr-166 | epfo-rr-172 | epfo-rr-180
https://www.jagranjosh.com/general-knowledge/epf-scheme-withdrawal-rules-2026-3day-settlement-limits-and-online-claim-1820010445-1,Jagran Josh: EPF Scheme 2026 3-day settlement,blog,5,epfo-rr-033 | epfo-rr-039 | epfo-rr-040 | epfo-rr-121 | epfo-rr-125
https://zeenews.india.com/personal-finance/pf-settlement-money-may-not-reach-your-family-for-a-common-mistake-your-e-nomination-will-not-be-valid-until-you-do-this-3054752.html,Zee: e-nomination not valid unless e-signed,news,5,epfo-rr-056 | epfo-rr-060 | epfo-rr-107 | epfo-rr-124 | epfo-rr-166
https://kustodian.life/resources/epf-claim-rejected-because-of-eps-top-reasons-and-proven-fixes-india-2026-guide,Kustodian: EPF claim rejected because of EPS (2026),blog,4,epfo-rr-101 | epfo-rr-102 | epfo-rr-119 | epfo-rr-128
https://kustodian.life/resources/provident-fund/edli-claim-process,Kustodian: EDLI claim process,blog,4,epfo-rr-067 | epfo-rr-137 | epfo-rr-138 | epfo-rr-141
https://righttoinformation.wiki/pf-withdrawal-claim-rejected-without-reason-epfo-india,RTI Wiki: rejected without reason,blog,4,epfo-rr-058 | epfo-rr-079 | epfo-rr-114 | epfo-rr-164
https://uidai.gov.in,UIDAI,official,4,epfo-rr-151 | epfo-rr-152 | epfo-rr-153 | epfo-rr-154
https://www.cnbctv18.com/personal-finance/epfo-relaxes-aadhaar-norms-for-select-employee-categories-key-details-19517361.htm,CNBC-TV18: Aadhaar relaxation for select categories,news,4,epfo-rr-074 | epfo-rr-123 | epfo-rr-155 | epfo-rr-163
https://www.gconnect.in/epfo/social-security-international-workers-agreements-epf-scheme-1952.html,GConnect: SSA/international workers brochure summary,blog,4,epfo-rr-075 | epfo-rr-167 | epfo-rr-168 | epfo-rr-169
https://www.timesnownews.com/business-economy/personal-finance/epfo-processed-8-3-crore-claims-in-fy26-cancelled-cheque-upload-no-longer-required-article-155357857,Times Now: cancelled cheque upload no longer required,news,4,epfo-rr-016 | epfo-rr-021 | epfo-rr-106 | epfo-rr-159
https://www.wealthpedia.in/eps-family-pension/,Wealthpedia: EPS family pension rules 2026,blog,4,epfo-rr-132 | epfo-rr-133 | epfo-rr-134 | epfo-rr-136
https://economictimes.indiatimes.com/wealth/save/epfo-clarifies-edli-rules-weekends-holidays-between-two-jobs-not-to-be-counted-as-break-for-settling-insurance-claims/articleshow/126054764.cms,Economic Times: EDLI weekend/holiday not a break,news,3,epfo-rr-067 | epfo-rr-138 | epfo-rr-139
https://jeevanpramaan.gov.in,Jeevan Pramaan (life certificate),official,3,epfo-rr-112 | epfo-rr-133 | epfo-rr-135
https://righttoinformation.wiki/practical-guides/pf-transferred-to-wrong-member-id-correction,RTI Wiki: PF transferred to wrong member ID,blog,3,epfo-rr-142 | epfo-rr-144 | epfo-rr-146
https://www.citizennest.com/guide/pf-claim-rejected-fix,CitizenNest: PF claim rejected fix,blog,3,epfo-rr-057 | epfo-rr-114 | epfo-rr-117
https://www.epfindia.gov.in/site_docs/PDFs/Circulars/Y2025-2026/AllotmentAndActivationOfUAN_UMANGAppUsingFAT.pdf,EPFO UAN allotment/activation via UMANG Face Authentication (FAT) manual 2025-26,circular,3,epfo-rr-151 | epfo-rr-152 | epfo-rr-181
https://www.livemint.com/money/personal-finance/epfo-members-account-blocked-uan-no-access-passbook-kyc-pending-common-issues-how-fix-it-provident-fund-portal-umang-app-11785514948903.html,Mint: EPFO account blocked / UAN / KYC pending fixes (UMANG),news,3,epfo-rr-151 | epfo-rr-176 | epfo-rr-181
https://www.reddit.com/r/EPFO/comments/1smfaow/claim_got_rejected_saying_pf_and_eps_being/,Reddit: PF and EPS being deposited by employers,forum,3,epfo-rr-090 | epfo-rr-097 | epfo-rr-098
https://www.reddit.com/r/epfoindia/comments/1mdyhcm/epfo_claim_rejected_form_31/,Reddit: Form 31 unemployment insufficient service,forum,3,epfo-rr-090 | epfo-rr-096 | epfo-rr-098
https://www.reddit.com/r/india/comments/1tp295c/epfo_rejected_your_pf_claim_dont_panic_after/,Reddit r/india: bank KYC not verified,forum,3,epfo-rr-010 | epfo-rr-016 | epfo-rr-126
https://www.staffnews.in/2024/12/settlement-of-physical-claims-without-seeding-of-aadhaar.html,StaffNews: physical claims without Aadhaar,news,3,epfo-rr-074 | epfo-rr-123 | epfo-rr-155
https://www.taxbuddy.com/blog/how-incorrect-kyc-details-affect-pf-withdrawal-approval,TaxBuddy: incorrect KYC and PF withdrawal,blog,3,epfo-rr-020 | epfo-rr-153 | epfo-rr-154
https://www.taxbuddy.com/blog/understanding-partial-pf-withdrawal-using-form-31,TaxBuddy: Form 31 partial withdrawal,blog,3,epfo-rr-039 | epfo-rr-040 | epfo-rr-053
https://ascent-hr.com/notification/epfo-simplifies-the-transfer-claim-process-when-there-are-overlapping-service-periods/,AscentHR: overlap circular note,news,2,epfo-rr-041 | epfo-rr-070
https://economictimes.indiatimes.com/wealth/legal/will/higher-eps-pension-epfo-cant-use-the-excuse-of-employers-deficient-system-of-recordkeeping-as-a-ground-to-deny-higher-pension-to-employees-rules-bombay-hc/articleshow/130464158.cms,Economic Times: Bombay HC higher EPS pension recordkeeping,news,2,epfo-rr-101 | epfo-rr-128
https://economictimes.indiatimes.com/wealth/save/latest-epfo-rules-how-to-unblock-inoperative-epf-account-settle-claims/articleshow/107544015.cms,Economic Times: unblock inoperative EPF,news,2,epfo-rr-045 | epfo-rr-076
https://epfwala.com/pf-claim-status-shows-settled-but-amount-not-credited/,EPFwala: settled but amount not credited,blog,2,epfo-rr-022 | epfo-rr-115
https://kustodian.life/resources/epf-claim-rejected-name-aadhaar-dob-mismatch-fix-guide-2025,Kustodian: name/Aadhaar/DOB mismatch,blog,2,epfo-rr-066 | epfo-rr-126
https://kustodian.life/resources/provident-fund/epf-scheme-2026-withdrawal-rules-changed,Kustodian: EPF Scheme 2026 withdrawal rules,blog,2,epfo-rr-039 | epfo-rr-040
https://nriinformation.com/nri-info/indian-pension-abroad,NRI Information: receiving Indian pension abroad,blog,2,epfo-rr-105 | epfo-rr-112
https://orbitcareers.com/uan-kyc-pending-for-employer-approval/,Orbit Careers: KYC pending employer approval,blog,2,epfo-rr-028 | epfo-rr-175
https://righttoinformation.wiki/practical-guides/epfo-claim-settled-money-not-credited,RTI Wiki: settled money not credited,blog,2,epfo-rr-022 | epfo-rr-115
https://taxguru.in/corporate-law/epfo-online-system-generation-certificate-coverage-reg.html,TaxGuru: Online system for Certificate of Coverage,news,2,epfo-rr-167 | epfo-rr-168
https://taxguru.in/corporate-law/epfo-uan-activation-umang-app-face-authentication.html,TaxGuru: UAN activation via UMANG Face Authentication,news,2,epfo-rr-151 | epfo-rr-181
https://www.epfindia.gov.in/site_docs/PDFs/Circulars/Y2020-2021/Faq_dsc.pdf,EPFO DSC FAQ for employers,official,2,epfo-rr-028 | epfo-rr-175
https://www.epfindia.gov.in/site_docs/PDFs/Circulars/Y2025-2026/Revamped_F13_Functionality.pdf,Revamped Form 13 functionality (2025-26 PDF),circular,2,epfo-rr-041 | epfo-rr-070
https://www.epfindia.gov.in/site_docs/PDFs/Updates/covid_faq_claim_04042020.pdf,EPFO COVID-19 advance claim FAQ (Apr 2020),official,2,epfo-rr-088 | epfo-rr-089
https://www.financialexpress.com/money/epfos-game-changer-move-on-fund-transfer-now-there-will-be-no-claim-rejection-due-to-this-problem-details-3854653/,Financial Express: transfer overlap game-changer,news,2,epfo-rr-041 | epfo-rr-070
https://www.key4comply.com/blogposts/epf-for-international-workers-in-india-2026-ssa-certificate-of-coverage-coc-exemption-rules-contributions-withdrawal-at-age-58-latest-court-rulings/,Key4Comply: EPF International Workers SSA/CoC 2026,blog,2,epfo-rr-167 | epfo-rr-169
https://www.news18.com/business/savings-and-investments/epfo-your-claims-cant-be-rejected-if-there-is-genuine-service-overlapping-read-official-clarification-ws-l-9352924.html,News18: overlap should not reject transfer claims,news,2,epfo-rr-041 | epfo-rr-070
https://www.outlookmoney.com/retirement/plan/news/explained-epfos-new-guidelines-for-inoperative-epf-accounts,Outlook: inoperative EPF guidelines,news,2,epfo-rr-045 | epfo-rr-076
https://www.paisabazaar.com/saving-schemes/epf-composite-claim-form/,PaisaBazaar: composite claim form,blog,2,epfo-rr-026 | epfo-rr-049
https://www.pensionbazaar.com/epf/epf-withdrawal-rules/,PensionBazaar: EPF withdrawal rules 2026,blog,2,epfo-rr-039 | epfo-rr-103
https://www.reddit.com/r/epfoindia/comments/1lwzhcs/my_epfo_claim_got_rejected_form31_after_16_days/,Reddit: contribution received after date of exit,forum,2,epfo-rr-097 | epfo-rr-149
https://www.reddit.com/r/epfoindia/comments/1tm7e94/raised_a_claim_before_transfer/,Reddit: raised a claim before transfer,forum,2,epfo-rr-145 | epfo-rr-160
https://www.shriramlife.com/blog/advice/form-31-in-epfo,Shriram Life: Form 31 rules 2026,blog,2,epfo-rr-039 | epfo-rr-085
https://cleartax.in/s/pf-withdrawal-online,ClearTax PF withdrawal (alternate URL),blog,1,epfo-rr-100
https://dailyfinancial.in/epfo-3-0-testing-is-done-but-still-not-live-whats-stopping-upi-and-atm-based-pf-withdrawals-from-launching-right-now/,Daily Financial: EPFO 3.0 UPI/ATM withdrawal testing status,news,1,epfo-rr-156
https://investmentepfo.com/auto-transfer-of-epf-how-it-works-when-you-switch-jobs/,Investment EPFO: auto-transfer of EPF explainer,blog,1,epfo-rr-143
https://jurigram.com/blog/labour-law/epf-withdrawal-rules-online-process-tax,JuriGram: EPF withdrawal rules,blog,1,epfo-rr-028
https://kustodian.life/resources/epf-joint-declaration-form-name-dob-detail-correction-guide,Kustodian: Joint Declaration 2026,blog,1,epfo-rr-161
https://nriinformation.com/returning-to-india/nri-provident-fund-guide,NRI Information: EPF/PPF rules for NRIs,blog,1,epfo-rr-105
https://pmvbry.epfindia.gov.in/insurance-scheme-edli/,EPFO Insurance Scheme (EDLI) page,official,1,epfo-rr-137
https://righttoinformation.wiki/epfo-claim-rejected-pending-uan-kyc-complaint-india,RTI Wiki: claim rejected pending UAN KYC,blog,1,epfo-rr-079
https://taxguru.in/corporate-law/epfo-issue-certificate-coverage-reg.html,TaxGuru: Issue of Certificate of Coverage,news,1,epfo-rr-168
https://www.business-standard.com/finance/personal-finance/unblocking-inactive-epf-account-what-employees-must-do-124100200247_1.html,Business Standard: unblocking inactive EPF,news,1,epfo-rr-045
https://www.businesstoday.in/personal-finance/news/story/epfo-revamps-unified-member-portal-uan-activation-shifts-to-umang-what-it-means-for-subscribers-540985-2026-07-04,Business Today: UAN activation shifts to UMANG,news,1,epfo-rr-181
https://www.epfindia.gov.in/site_docs/PDFs/Circulars/Y2023-2024/SOP_Exemption_06102023.pdf,SOP Exemption of establishments (legal status/merger duties),circular,1,epfo-rr-147
https://www.livemint.com/money/personal-finance/epfo-members-can-pay-lic-premium-using-epf-money-details-here-11645255082822.html,Mint: EPFO members can pay LIC premium using EPF,news,1,epfo-rr-099
https://www.news18.com/business/savings-and-investments/no-money-for-lic-premium-epfo-lets-you-pay-it-directly-from-your-pf-account-ws-kl-9810317.html,News18: Form 14 LIC premium from EPF,news,1,epfo-rr-099
https://www.pensionbazaar.com/epf/uan-aadhaar-link-issue/,PensionBazaar: UAN Aadhaar link issue,blog,1,epfo-rr-162
https://www.quora.com/Why-was-my-EPF-claim-rejected,Quora: why was my EPF claim rejected,forum,1,epfo-rr-126
https://www.reddit.com/r/epfoindia/comments/1qdcnw9/epfo_rejecting_my_form31_due_to_insufficient/,Reddit: Form 31 insufficient member service,forum,1,epfo-rr-096
https://www.reddit.com/r/epfoindia/comments/1taoams/epfo_pf_transfer_stuck_for_4_years_amount/,Reddit: PF transfer stuck debit not credited,forum,1,epfo-rr-144
https://www.team-bhp.com/forum/shifting-gears/200123-epf-withdrawal-process-experience-tips.html,Team-BHP: EPF withdrawal process tips,forum,1,epfo-rr-127
https://www.teamleaseregtech.com/updates/article/50901/epfo-issued-an-urgent-clarification-regarding-regulation-of-claims-und/,Teamlease: EPFO clarification regulating EDLI claims / gaps,news,1,epfo-rr-139
https://zeenews.india.com/photos/business/did-you-know-epfo-allows-you-to-finance-your-lic-policy-for-2-years-eligibility-money-amount-and-other-details-explained-2950269,Zee: finance LIC policy from PF / Form 14,news,1,epfo-rr-099
